name,slug,category,subcategory,shortDescription,description,specifications,sku,metaKeywords,metaTitle,metaDescription,status,featured,image,pdf
Zebra ZD600 Desktop Printers,zebra-zd600 ,Printers,Desktop Printers,"The Zebra ZD600 Desktop Printers are advanced, healthcare-grade models for high-volume desktop printing. They support 4-inch labels at up to 8 ips with 203/300 dpi resolution, featuring thermal transfer and direct thermal options. Ideal for hospitals and labs, with easy-clean housing. Mindware provides ZD600 series with full compliance support.","The Zebra ZD600 Desktop Printers deliver superior performance in healthcare environments, offering antimicrobial enclosures and secure printing for patient labels and wristbands. With Print DNA software for analytics and remote management, they ensure efficiency and compliance. Their compact design fits tight spaces while handling diverse media. Mindware, as Zebra's master distributor, offers the best ZD600 solutions including installation and training. Mindware imports genuine Zebra desktop printers for quality. Mindware's service centers specialize in Zebra ZD600 maintenance. Trust Mindware for reliable Zebra healthcare printers. Mindware stocks ZD600 ribbons and labels. Choose Mindware for compliant Zebra printing. Mindware provides Zebra ZD600 customization. Mindware ensures seamless Zebra integration. Mindware offers extended support for Zebra desktop series. For best price, call 8527522688 or email gm@indianbarcode.com.","Print Method: Direct Thermal/Thermal Transfer; Max Print Speed: 8 ips; Resolution: 203/300 dpi; Print Width: 4 in; Media Width: 1-4.25 in; Connectivity: USB, Ethernet, Wi-Fi; Dimensions: 10.5 x 8.2 x 7.7 in; Weight: 6.75 lbs; Warranty: 2 Years",ZD600,"buy Zebra ZD600 Desktop Printers from Mindware, best price Zebra ZD600 Desktop Printers from Mindware, best sales healthcare desktop printers from Mindware, best service provider of Zebra ZD600 from Mindware, best supplier high-volume desktop from Mindware, best quality Zebra ZD600 Desktop Printers from Mindware, master partner zebra printer from Mindware, bestseller Zebra ZD600 from Mindware, Mindware importer and distributor of desktop printers, best service center ZD600 from Mindware.",Buy Zebra ZD600 Desktop Printers | Mindware,"  Zebra ZD600 Desktop Printers for healthcare at Mindware. For best price, call 8527522688 or email gm@indianbarcode.com.",Active,TRUE,https://www.zebra.com/content/dam/zebra_dam/global/zcom-web-production/web-production-photography/web001/zd600-series-color-display-group-3x2-3600.jpg,
Zebra ZD621 Desktop Printers,zebra-zd621 ,Printers,Desktop Printers,"The Zebra ZD621 Desktop Printers are versatile 4-inch models for professional labeling at 6 ips with 203/300 dpi. Support direct thermal and thermal transfer, with Wi-Fi options. Perfect for retail and offices. Mindware supplies ZD621 with connectivity solutions.","The Zebra ZD621 Desktop Printers feature an iconic design with easy media loading and five status icons for quick monitoring. Ideal for shipping and inventory, they integrate via Ethernet or wireless. Mindware offers the best Zebra ZD621 pricing and support. As distributors, Mindware ensures fast delivery of Zebra desktop printers. Mindware's experts install Zebra ZD621 units. Trust Mindware for modern Zebra solutions. Mindware provides Zebra ZD621 software updates. Mindware stocks ZD621 media types. Choose Mindware for versatile Zebra printers. Mindware services Zebra desktop models nationwide. For best price, call 8527522688 or email gm@indianbarcode.com.","Print Method: Direct Thermal/Thermal Transfer; Max Print Speed: 6 ips; Resolution: 203/300 dpi; Print Width: 4 in; Media Width: 1-4.25 in; Connectivity: USB, Ethernet, Wi-Fi; Dimensions: 10.5 x 8.7 x 7.7 in; Weight: 6.5 lbs; Warranty: 2 Years",ZD621,"buy Zebra ZD621 Desktop Printers from Mindware, best price Zebra ZD621 Desktop Printers from Mindware, best sales versatile desktop printers from Mindware, best service provider of Zebra ZD621 from Mindware, best supplier 4-inch desktop from Mindware, best quality Zebra ZD621 Desktop Printers from Mindware, master partner zebra printer from Mindware, bestseller Zebra ZD621 from Mindware, Mindware importer and distributor of barcode desktop printers, best service center ZD621 from Mindware ",Buy Zebra ZD621 Desktop Printers | Mindware,"Zebra ZD621 Desktop Printers for professional use at Mindware. For best price, call 8527522688 or email gm@indianbarcode.com.",Active,false ,https://www.zebra.com/content/dam/zebra_dam/global/zcom-web-production/web-production-photography/product-cards/model/zd621-3x2-3600.jpg,
Zebra ZD611 Desktop Printers,zebra-zd611 ,Printers,Desktop Printers,"The Zebra ZD611 Desktop Printers offer compact, high-speed 2-inch printing at 6 ips with 203/300 dpi. Direct thermal for receipts and labels. Suited for POS and healthcare. Mindware provides ZD611 for small-format needs.","The Zebra ZD611 Desktop Printers are engineered for space-constrained environments, delivering fast prints with easy setup via USB or Bluetooth. Their slim profile enhances countertop efficiency. Mindware, Zebra's trusted partner, supplies ZD611 with expert guidance. Mindware imports Zebra compact printers. Mindware services ZD611 promptly. Trust Mindware for efficient Zebra solutions. Mindware offers Zebra ZD611 accessories. Mindware stocks small media rolls. Choose Mindware for compact Zebra printing. Mindware ensures ZD611 reliability. For best price, call 8527522688 or email gm@indianbarcode.com.","Print Method: Direct Thermal; Max Print Speed: 6 ips; Resolution: 203/300 dpi; Print Width: 2 in; Media Width: 0.75-2.25 in; Connectivity: USB, Bluetooth, Ethernet; Dimensions: 6.1 x 8.2 x 5.8 in; Weight: 3.5 lbs; Warranty: 2 Years",ZD611,"buy Zebra ZD611 Desktop Printers from Mindware, best price Zebra ZD611 Desktop Printers from Mindware, best sales compact desktop printers from Mindware, best service provider of Zebra ZD611 from Mindware, best supplier 2-inch printers from Mindware, best quality Zebra ZD611 Desktop Printers from Mindware, master partner zebra printer from Mindware, bestseller Zebra ZD611 from Mindware, Mindware importer and distributor of small printers, best service center ZD611 from Mindware ",Buy Zebra ZD611 Desktop Printers | Mindware,"Zebra ZD611 Desktop Printers from Mindware. For best price, call 8527522688 or email gm@indianbarcode.com.",Active,TRUE,https://www.zebra.com/content/dam/zebra_dam/global/zcom-web-production/web-production-photography/product-cards/model/zd611-photography-product-front-right-with-shadow-3x2-3600.jpg,
Zebra ZD621R Desktop Printers,zebra-zd621r,Printers,Desktop Printers,The Zebra ZD621R Desktop Printers integrate RFID encoding with 4-inch printing at 6 ips. UHF RFID for asset tracking in retail. Mindware offers ZD621R for smart labeling.,"The Zebra ZD621R Desktop Printers enable on-demand RFID tag programming with high accuracy, supporting direct thermal prints. Perfect for inventory and compliance. Mindware provides Zebra ZD621R RFID solutions. Mindware, as importers, delivers ZD621R quickly. Mindware's team configures Zebra RFID printers. Trust Mindware for innovative Zebra tech. Mindware services ZD621R encoding. Mindware stocks RFID tags. Choose Mindware for Zebra RFID desktop. Mindware integrates ZD621R systems. For best price, call 8527522688 or email gm@indianbarcode.com.","Print Method: Direct Thermal; Max Print Speed: 6 ips; Resolution: 203/300 dpi; Print Width: 4 in; RFID Frequency: UHF; Media Width: 1-4.25 in; Connectivity: USB, Ethernet, Wi-Fi; Dimensions: 10.5 x 8.7 x 7.7 in; Weight: 6.5 lbs; Warranty: 2 Years",ZD621R,"buy Zebra ZD621R Desktop Printers from Mindware, best price Zebra ZD621R Desktop Printers from Mindware, best sales RFID desktop printers from Mindware, best service provider of Zebra ZD621R from Mindware, best supplier RFID encoding printers from Mindware, best quality Zebra ZD621R Desktop Printers from Mindware, master partner zebra printer from Mindware, bestseller Zebra ZD621R from Mindware, Mindware importer and distributor of RFID printers, best service center ZD621R from Mindware ",Buy Zebra ZD621R Desktop Printers | Mindware,"Zebra ZD621R Desktop Printers with RFID at Mindware. For best price, call 8527522688 or email gm@indianbarcode.com.",Active,false ,https://www.zebra.com/content/dam/zebra_dam/global/zcom-web-production/web-production-photography/product-cards/model/zd621r-3x2-3600.jpg,
Zebra ZD611R Desktop Printers,zebra-zd611r ,Printers,Desktop Printers,The Zebra ZD611R Desktop Printers combine 2-inch RFID printing at 6 ips with UHF encoding. Compact for healthcare RFID wristbands. Mindware supplies ZD611R for mobile tracking.,"The Zebra ZD611R Desktop Printers offer precise RFID encoding in a small footprint, ideal for patient identification. Direct thermal for quick prints. Mindware offers Zebra ZD611R support. Mindware imports compact RFID printers. Mindware services ZD611R. Trust Mindware for Zebra ZD611R. Mindware stocks small RFID media. Choose Mindware for healthcare Zebra RFID. Mindware configures ZD611R. For best price, call 8527522688 or email gm@indianbarcode.com.","Print Method: Direct Thermal; Max Print Speed: 6 ips; Resolution: 203/300 dpi; Print Width: 2 in; RFID Frequency: UHF; Media Width: 0.75-2.25 in; Connectivity: USB, Bluetooth; Dimensions: 6.1 x 8.2 x 5.8 in; Weight: 3.5 lbs; Warranty: 2 Years",ZD611R,"buy Zebra ZD611R Desktop Printers from Mindware, best price Zebra ZD611R Desktop Printers from Mindware, best sales compact RFID printers from Mindware, best service provider of Zebra ZD611R from Mindware, best supplier 2-inch RFID from Mindware, best quality Zebra ZD611R Desktop Printers from Mindware, master partner zebra printer from Mindware, bestseller Zebra ZD611R from Mindware, Mindware importer and distributor of RFID desktop, best service center ZD611R from Mindware ",Buy Zebra ZD611R Desktop Printers | Mindware,"Zebra ZD611R Desktop Printers for RFID at Mindware. For best price, call 8527522688 or email gm@indianbarcode.com.",Active,TRUE,https://www.zebra.com/content/dam/zebra_dam/global/zcom-web-production/web-production-photography/product-cards/model/zd611-rfid-photography-product-front-right-with-shadow-3x2-3600.jpg,
Zebra ZD621-HC Desktop Printers,zebra-zd621 ,Printers,Desktop Printers,The Zebra ZD621-HC Desktop Printers are healthcare-specific 4-inch printers at 6 ips with easy-clean surfaces. For sterile environments. Mindware provides ZD621-HC compliance.,"The Zebra ZD621-HC Desktop Printers meet rigorous healthcare standards with antimicrobial additives and secure features. Thermal transfer for durable labels. Mindware supplies Zebra ZD621-HC. Mindware offers healthcare Zebra support. As distributors, Mindware stocks ZD621-HC. Mindware services medical printers. Trust Mindware for Zebra HC series. Mindware imports ZD621-HC. Choose Mindware for sterile Zebra. Mindware trains on ZD621-HC. For best price, call 8527522688 or email gm@indianbarcode.com.","Print Method: Direct Thermal/Thermal Transfer; Max Print Speed: 6 ips; Resolution: 203/300 dpi; Print Width: 4 in; Media Width: 1-4.25 in; Connectivity: USB, Ethernet; Dimensions: 10.5 x 8.7 x 7.7 in; Weight: 6.5 lbs; Warranty: 2 Years",ZD621-HC,"buy Zebra ZD621-HC Desktop Printers from Mindware, best price Zebra ZD621-HC Desktop Printers from Mindware, best sales healthcare HC printers from Mindware, best service provider of Zebra ZD621-HC from Mindware, best supplier sterile printers from Mindware, best quality Zebra ZD621-HC Desktop Printers from Mindware, master partner zebra printer from Mindware, bestseller Zebra ZD621-HC from Mindware, Mindware importer and distributor of HC printers, best service center ZD621-HC from Mindware ",Buy Zebra ZD621-HC Desktop Printers | Mindware,"Healthcare Zebra ZD621-HC Desktop Printers from Mindware. For best price, call 8527522688 or email gm@indianbarcode.com.",Active,false ,https://www.zebra.com/content/dam/zebra_dam/global/zcom-web-production/web-production-photography/product-cards/model/zd621hc-3x2-3600.jpg,
Zebra ZD611-HC Desktop Printers,zebra-zd611 ,Printers,Desktop Printers,The Zebra ZD611-HC Desktop Printers are compact 2-inch healthcare printers at 6 ips. Disinfectable for clinics. Mindware offers ZD611-HC for small medical spaces.,"The Zebra ZD611-HC Desktop Printers provide secure, easy-to-clean printing for patient wristbands and labels. Direct thermal efficiency. Mindware provides Zebra ZD611-HC. Mindware services HC compact. Trust Mindware for Zebra ZD611-HC. Mindware imports medical printers. Mindware stocks ZD611-HC media. Choose Mindware for clinic Zebra. Mindware supports ZD611-HC. For best price, call 8527522688 or email gm@indianbarcode.com.","Print Method: Direct Thermal; Max Print Speed: 6 ips; Resolution: 203/300 dpi; Print Width: 2 in; Media Width: 0.75-2.25 in; Connectivity: USB, Bluetooth; Dimensions: 6.1 x 8.2 x 5.8 in; Weight: 3.5 lbs; Warranty: 2 Years",ZD611-HC,"buy Zebra ZD611-HC Desktop Printers from Mindware, best price Zebra ZD611-HC Desktop Printers from Mindware, best sales compact HC printers from Mindware, best service provider of Zebra ZD611-HC from Mindware, best supplier clinic printers from Mindware, best quality Zebra ZD611-HC Desktop Printers from Mindware, master partner zebra printer from Mindware, bestseller Zebra ZD611-HC from Mindware, Mindware importer and distributor of healthcare compact, best service center ZD611-HC from Mindware, ",Buy Zebra ZD611-HC Desktop Printers | Mindware,"Zebra ZD611-HC Desktop Printers for clinics at Mindware. For best price, call 8527522688 or email gm@indianbarcode.com.",Active,TRUE,https://www.zebra.com/content/dam/zebra_dam/global/zcom-web-production/web-production-photography/product-cards/model/zd611-hc-photography-product-front-right-with-shadow-3x2-3600.jpg,
Zebra ZD400 Desktop Printers,zebra-zd400 ,Printers,Desktop Printers,The Zebra ZD400 Desktop Printers are basic 2-inch models at 4 ips with 203 dpi. Direct thermal for entry-level use. Mindware supplies ZD400 for startups.,"The Zebra ZD400 Desktop Printers offer simple, reliable printing for small businesses and offices. USB connectivity for easy setup. Mindware offers affordable Zebra ZD400. Mindware distributes entry-level printers. Mindware services ZD400. Trust Mindware for basic Zebra. Mindware imports ZD400. Mindware stocks basic media. Choose Mindware for starter printers. Mindware maintains ZD400. For best price, call 8527522688 or email gm@indianbarcode.com.",Print Method: Direct Thermal; Max Print Speed: 4 ips; Resolution: 203 dpi; Print Width: 2 in; Media Width: 0.75-2.25 in; Connectivity: USB; Dimensions: 8.7 x 5.9 x 5.1 in; Weight: 2.3 lbs; Warranty: 1 Year,ZD400,"buy Zebra ZD400 Desktop Printers from Mindware, best price Zebra ZD400 Desktop Printers from Mindware, best sales entry-level desktop from Mindware, best service provider of Zebra ZD400 from Mindware, best supplier basic 2-inch from Mindware, best quality Zebra ZD400 Desktop Printers from Mindware, master partner zebra printer from Mindware, bestseller Zebra ZD400 from Mindware, Mindware importer and distributor of basic printers, best service center ZD400 from Mindware ",Buy Zebra ZD400 Desktop Printers | Mindware,"Basic Zebra ZD400 Desktop Printers at Mindware. For best price, call 8527522688 or email gm@indianbarcode.com.",Active,false ,https://www.zebra.com/content/dam/zebra_dam/global/zcom-web-production/web-production-photography/product-cards/model/zd411-photography-product-front-right-with-shadow-3x2-3600.jpg,
Zebra ZD421 Desktop Printers,zebra-zd421 ,Printers,Desktop Printers,The Zebra ZD421 Desktop Printers are 4-inch professional models at 6 ips with 203/300 dpi. Versatile for offices. Mindware provides ZD421 connectivity.,"The Zebra ZD421 Desktop Printers feature clamshell design for quick media changes and Print DNA for management. Ideal for logistics. Mindware supplies Zebra ZD421. Mindware offers ZD421 support. As importers, Mindware delivers ZD421. Mindware services desktop series. Trust Mindware for Zebra ZD421. Mindware stocks ZD421. Choose Mindware for professional Zebra. Mindware integrates ZD421. For best price, call 8527522688 or email gm@indianbarcode.com.","Print Method: Direct Thermal/Thermal Transfer; Max Print Speed: 6 ips; Resolution: 203/300 dpi; Print Width: 4 in; Media Width: 1-4.25 in; Connectivity: USB, Ethernet, Wi-Fi; Dimensions: 10.5 x 8.2 x 7.7 in; Weight: 6.75 lbs; Warranty: 2 Years",ZD421,"buy Zebra ZD421 Desktop Printers from Mindware, best price Zebra ZD421 Desktop Printers from Mindware, best sales professional desktop from Mindware, best service provider of Zebra ZD421 from Mindware, best supplier 4-inch versatile from Mindware, best quality Zebra ZD421 Desktop Printers from Mindware, master partner zebra printer from Mindware, bestseller Zebra ZD421 from Mindware, Mindware importer and distributor of desktop printers, best service center ZD421 from Mindware, buy Zebra ZD400 series from Mindware, best price clamshell printers from Mindware, ",Buy Zebra ZD421 Desktop Printers | Mindware,"Zebra ZD421 Desktop Printers for offices at Mindware. For best price, call 8527522688 or email gm@indianbarcode.com.",Active,TRUE,https://www.zebra.com/content/dam/zebra_dam/global/zcom-web-production/web-production-photography/product-cards/model/zd421-3x2-3600.jpg,
Zebra ZD421-HC Desktop Printers,zebra-zd421 ,Printers,Desktop Printers,The Zebra ZD421-HC Desktop Printers are healthcare 4-inch at 6 ips. Easy-clean for medical use. Mindware offers ZD421-HC compliance.,"The Zebra ZD421-HC Desktop Printers provide secure printing with antimicrobial housing for hospitals. Mindware provides Zebra ZD421-HC. Mindware services HC models. Trust Mindware for Zebra ZD421-HC. Mindware imports healthcare printers. Mindware stocks ZD421-HC. Choose Mindware for medical Zebra. Mindware supports ZD421-HC. For best price, call 8527522688 or email gm@indianbarcode.com.","Print Method: Direct Thermal/Thermal Transfer; Max Print Speed: 6 ips; Resolution: 203/300 dpi; Print Width: 4 in; Media Width: 1-4.25 in; Connectivity: USB, Ethernet; Dimensions: 10.5 x 8.2 x 7.7 in; Weight: 6.75 lbs; Warranty: 2 Years",ZD421-HC,"buy Zebra ZD421-HC Desktop Printers from Mindware, best price Zebra ZD421-HC Desktop Printers from Mindware, best sales HC desktop printers from Mindware, best service provider of Zebra ZD421-HC from Mindware, best supplier healthcare 4-inch from Mindware, best quality Zebra ZD421-HC Desktop Printers from Mindware, master partner zebra printer from Mindware, bestseller Zebra ZD421-HC from Mindware, Mindware importer and distributor of HC printers, best service center ZD421-HC from Mindware, buy Zebra ZD400 HC from Mindware, best price medical desktop from Mindware, ",Buy Zebra ZD421-HC Desktop Printers | Mindware,"Healthcare Zebra ZD421-HC Desktop Printers from Mindware. For best price, call 8527522688 or email gm@indianbarcode.com.",Active,false ,https://www.zebra.com/content/dam/zebra_dam/global/zcom-web-production/web-production-photography/product-cards/model/zd421hc-3x2-3600.jpg,
Zebra ZD411 Desktop Printers,zebra-zd411 ,Printers,Desktop Printers,The Zebra ZD411 Desktop Printers are 2-inch basic at 6 ips with 203 dpi. For small labels. Mindware supplies ZD411 entry.,"The Zebra ZD411 Desktop Printers offer straightforward printing for retail receipts. Mindware offers Zebra ZD411. Mindware services basic desktop. Trust Mindware for Zebra ZD411. Mindware imports 2-inch printers. Mindware stocks ZD411. Choose Mindware for simple Zebra. Mindware maintains ZD411. For best price, call 8527522688 or email gm@indianbarcode.com.",Print Method: Direct Thermal; Max Print Speed: 6 ips; Resolution: 203 dpi; Print Width: 2 in; Media Width: 0.75-2.25 in; Connectivity: USB; Dimensions: 6.1 x 7.3 x 5.9 in; Weight: 3.5 lbs; Warranty: 2 Years,ZD411,"buy Zebra ZD411 Desktop Printers from Mindware, best price Zebra ZD411 Desktop Printers from Mindware, best sales basic 2-inch from Mindware, best service provider of Zebra ZD411 from Mindware, best supplier small label printers from Mindware, best quality Zebra ZD411 Desktop Printers from Mindware, master partner zebra printer from Mindware, bestseller Zebra ZD411 from Mindware, Mindware importer and distributor of desktop basic, best service center ZD411 from Mindware,  ",Buy Zebra ZD411 Desktop Printers | Mindware,"Zebra ZD411 Desktop Printers for small labels at Mindware. For best price, call 8527522688 or email gm@indianbarcode.com.",Active,TRUE,https://www.zebra.com/content/dam/zebra_dam/global/zcom-web-production/web-production-photography/product-cards/model/zd411-photography-product-front-right-with-shadow-3x2-3600.jpg,
Zebra ZD411-HC Desktop Printers,zebra-zd411 ,Printers,Desktop Printers,The Zebra ZD411-HC Desktop Printers are 2-inch healthcare at 6 ips. Compact medical printing. Mindware provides ZD411-HC.,"The Zebra ZD411-HC Desktop Printers feature disinfectable surfaces for clinics. Mindware supplies Zebra ZD411-HC. Mindware services compact HC. Trust Mindware for Zebra ZD411-HC. Mindware imports HC printers. Mindware stocks ZD411-HC. Choose Mindware for medical compact. Mindware supports ZD411-HC. For best price, call 8527522688 or email gm@indianbarcode.com.",Print Method: Direct Thermal; Max Print Speed: 6 ips; Resolution: 203 dpi; Print Width: 2 in; Media Width: 0.75-2.25 in; Connectivity: USB; Dimensions: 6.1 x 7.3 x 5.9 in; Weight: 3.5 lbs; Warranty: 2 Years,ZD411-HC,"buy Zebra ZD411-HC Desktop Printers from Mindware, best price Zebra ZD411-HC Desktop Printers from Mindware, best sales compact HC 2-inch from Mindware, best service provider of Zebra ZD411-HC from Mindware, best supplier clinic compact from Mindware, best quality Zebra ZD411-HC Desktop Printers from Mindware, master partner zebra printer from Mindware, bestseller Zebra ZD411-HC from Mindware, Mindware importer and distributor of HC compact, best service center ZD411-HC from Mindware,  ",Buy Zebra ZD411-HC Desktop Printers | Mindware,"Zebra ZD411-HC Desktop Printers for healthcare at Mindware. For best price, call 8527522688 or email gm@indianbarcode.com.",Active,false ,https://www.zebra.com/content/dam/zebra_dam/global/zcom-web-production/web-production-photography/product-cards/model/zd411-hc-photography-product-front-right-with-shadow-3x2-3600.jpg,
Zebra ZD510-HC Wristband Printing Solution,zebra-zd510 ,Printers,Desktop Printers,The Zebra ZD510-HC Wristband Printing Solution is dedicated for 1-inch wristbands at 4 ips. Secure healthcare printing. Mindware offers ZD510-HC for patient ID.,"The Zebra ZD510-HC Wristband Printing Solution uses patented tech for jam-free wristband production in hospitals. Direct thermal with high compliance. Mindware provides Zebra ZD510-HC. Mindware services wristband printers. Trust Mindware for Zebra ZD510-HC. Mindware imports HC solutions. Mindware stocks wristband media. Choose Mindware for ID Zebra. Mindware integrates ZD510-HC. For best price, call 8527522688 or email gm@indianbarcode.com.","Print Method: Direct Thermal; Max Print Speed: 4 ips; Resolution: 300 dpi; Print Width: 1 in; Media Width: 1 in; Connectivity: USB, Ethernet; Dimensions: 12.2 x 9.6 x 9.8 in; Weight: 9 lbs; Warranty: 1 Year",ZD510-HC,"buy Zebra ZD510-HC Wristband Printing Solution from Mindware, best price Zebra ZD510-HC Wristband Printing Solution from Mindware, best sales wristband HC printers from Mindware, best service provider of Zebra ZD510-HC from Mindware, best supplier patient wristband from Mindware, best quality Zebra ZD510-HC Wristband Printing Solution from Mindware, master partner zebra printer from Mindware, bestseller Zebra ZD510-HC from Mindware, Mindware importer and distributor of wristband solutions, best service center ZD510-HC from Mindware, buy Zebra healthcare wristband from Mindware, best price jam-free printers from Mindware,  ",Buy Zebra ZD510-HC Wristband Printing Solution | Mindware,"Zebra ZD510-HC Wristband Printing Solution at Mindware. For best price, call 8527522688 or email gm@indianbarcode.com.",Active,TRUE,https://www.zebra.com/content/dam/zebra_dam/global/zcom-web-production/web-production-photography/product-cards/model/zd510hc-3x2-3600.jpg,
Zebra ZD200 Desktop Printer,zebra-zd200,Printers,Desktop Printers,The Zebra ZD200 Desktop Printer is an ultra-compact 2-inch model at 2 ips with 203 dpi. Basic direct thermal. Mindware supplies ZD200 for minimal needs.,"The Zebra ZD200 Desktop Printer is energy-efficient for low-volume printing in small offices. Simple USB setup. Mindware offers Zebra ZD200 affordably. Mindware distributes compact basic. Mindware services ZD200. Trust Mindware for Zebra ZD200. Mindware imports ultra-compact. Mindware stocks ZD200. Choose Mindware for minimal Zebra. Mindware maintains ZD200. For best price, call 8527522688 or email gm@indianbarcode.com.",Print Method: Direct Thermal; Max Print Speed: 2 ips; Resolution: 203 dpi; Print Width: 2 in; Media Width: 0.75-2.25 in; Connectivity: USB; Dimensions: 8.7 x 5.9 x 5.1 in; Weight: 2.3 lbs; Warranty: 1 Year,ZD200,"buy Zebra ZD200 Desktop Printer from Mindware, best price Zebra ZD200 Desktop Printer from Mindware, best sales ultra-compact printers from Mindware, best service provider of Zebra ZD200 from Mindware, best supplier basic 2-inch from Mindware, best quality Zebra ZD200 Desktop Printer from Mindware, master partner zebra printer from Mindware, bestseller Zebra ZD200 from Mindware, Mindware importer and distributor of compact printers, best service center ZD200 from Mindware,  ",Buy Zebra ZD200 Desktop Printer | Mindware,"  Zebra ZD200 Desktop Printer at Mindware. For best price, call 8527522688 or email gm@indianbarcode.com.",Active,false ,https://www.zebra.com/content/dam/zebra_dam/global/zcom-web-production/web-production-photography/web004/zd230ta-photography-website-right-facing-3x2-3600.jpg,
Zebra ZD220 Desktop Printer,zebra-zd220 ,Printers,Desktop Printers,The Zebra ZD220 Desktop Printer is 2-inch thermal at 2 ips. Affordable for basics. Mindware provides ZD220.,"The Zebra ZD220 Desktop Printer delivers consistent quality for shipping labels. Mindware supplies Zebra ZD220. Mindware services ZD220. Trust Mindware for Zebra ZD220. Mindware imports ZD220. Mindware stocks ZD220 media. Choose Mindware for affordable Zebra. Mindware supports ZD220. For best price, call 8527522688 or email gm@indianbarcode.com.",Print Method: Direct Thermal; Max Print Speed: 2 ips; Resolution: 203 dpi; Print Width: 2 in; Media Width: 0.75-2.25 in; Connectivity: USB; Dimensions: 8.7 x 5.9 x 5.1 in; Weight: 2.3 lbs; Warranty: 1 Year,ZD220,"buy Zebra ZD220 Desktop Printer from Mindware, best price Zebra ZD220 Desktop Printer from Mindware, best sales affordable 2-inch from Mindware, best service provider of Zebra ZD220 from Mindware, best supplier basic thermal from Mindware, best quality Zebra ZD220 Desktop Printer from Mindware, master partner zebra printer from Mindware, bestseller Zebra ZD220 from Mindware, Mindware importer and distributor of desktop basic, best service center ZD220 from Mindware, ",Buy Zebra ZD220 Desktop Printer | Mindware,"Zebra ZD220 Desktop Printer from Mindware. For best price, call 8527522688 or email gm@indianbarcode.com.",Active,TRUE,https://www.zebra.com/content/dam/zebra_dam/global/zcom-web-production/web-production-photography/product-cards/series/zd200-series-3x2-3600.jpg.imgw.600.600.jpg,
Zebra ZD230TA Desktop Printer,zebra-zd230ta ,Printers,Desktop Printers,The Zebra ZD230TA Desktop Printer is tamper-evident 2-inch at 2 ips. For secure applications. Mindware offers ZD230TA security.,"The Zebra ZD230TA Desktop Printer features tamper detection for compliance labels. Mindware provides Zebra ZD230TA. Mindware services secure printers. Trust Mindware for Zebra ZD230TA. Mindware imports tamper printers. Mindware stocks ZD230TA. Choose Mindware for secure Zebra. Mindware integrates ZD230TA. For best price, call 8527522688 or email gm@indianbarcode.com.",Print Method: Direct Thermal; Max Print Speed: 2 ips; Resolution: 203 dpi; Print Width: 2 in; Media Width: 0.75-2.25 in; Connectivity: USB; Dimensions: 8.7 x 5.9 x 5.1 in; Weight: 2.3 lbs; Warranty: 1 Year,ZD230TA,"buy Zebra ZD230TA Desktop Printer from Mindware, best price Zebra ZD230TA Desktop Printer from Mindware, best sales tamper-evident printers from Mindware, best service provider of Zebra ZD230TA from Mindware, best supplier secure labels from Mindware, best quality Zebra ZD230TA Desktop Printer from Mindware, master partner zebra printer from Mindware, bestseller Zebra ZD230TA from Mindware, Mindware importer and distributor of secure printers, best service center ZD230TA from Mindware, buy Zebra ZD230 series from Mindware, best price compliance printers from Mindware, buy Zebra tamper detection from Mindware, best supplier secure desktop from Mindware, Mindware Zebra secure",Buy Zebra ZD230TA Desktop Printer | Mindware,"  Zebra ZD230TA Desktop Printer at Mindware. For best price, call 8527522688 or email gm@indianbarcode.com.",Active,false ,https://www.zebra.com/content/dam/zebra_dam/global/zcom-web-production/web-production-photography/web004/zd230ta-photography-website-right-facing-3x2-3600.jpg,
Zebra ZD230DA Desktop Printer,zebra-zd230da ,Printers,Desktop Printers,The Zebra ZD230DA Desktop Printer is durable antimicrobial 2-inch at 2 ips. For harsh environments. Mindware supplies ZD230DA.,"The Zebra ZD230DA Desktop Printer resists chemicals for industrial desktop use. Mindware offers Zebra ZD230DA. Mindware services antimicrobial. Trust Mindware for Zebra ZD230DA. Mindware imports durable printers. Mindware stocks ZD230DA. Choose Mindware for harsh Zebra. Mindware maintains ZD230DA. For best price, call 8527522688 or email gm@indianbarcode.com.",Print Method: Direct Thermal; Max Print Speed: 2 ips; Resolution: 203 dpi; Print Width: 2 in; Media Width: 0.75-2.25 in; Connectivity: USB; Dimensions: 8.7 x 5.9 x 5.1 in; Weight: 2.3 lbs; Warranty: 1 Year,ZD230DA,"buy Zebra ZD230DA Desktop Printer from Mindware, best price Zebra ZD230DA Desktop Printer from Mindware, best sales antimicrobial desktop from Mindware, best service provider of Zebra ZD230DA from Mindware, best supplier durable 2-inch from Mindware, best quality Zebra ZD230DA Desktop Printer from Mindware, master partner zebra printer from Mindware, bestseller Zebra ZD230DA from Mindware, Mindware importer and distributor of harsh printers, best service center ZD230DA from Mindware, buy Zebra ZD230 series from Mindware, best price chemical-resistant from Mindware ",Buy Zebra ZD230DA Desktop Printer | Mindware,"Durable Zebra ZD230DA Desktop Printer from Mindware. For best price, call 8527522688 or email gm@indianbarcode.com.",Active,TRUE,https://www.zebra.com/content/dam/zebra_dam/global/zcom-web-production/web-production-photography/web004/zd230da-zd888da-product-website-grey-front-right-facing-with-shadow-3x2-3600.jpg,
Zebra ZD230 Desktop Printer,zebra-zd230 ,Printers,Desktop Printers,The Zebra ZD230 Desktop Printer is standard 2-inch at 2 ips. Versatile basic printing. Mindware provides ZD230.,"The Zebra ZD230 Desktop Printer supports Ethernet for sharing. Mindware supplies Zebra ZD230. Mindware services standard desktop. Trust Mindware for Zebra ZD230. Mindware imports ZD230. Mindware stocks ZD230 media. Choose Mindware for versatile Zebra. Mindware supports ZD230. For best price, call 8527522688 or email gm@indianbarcode.com.","Print Method: Direct Thermal; Max Print Speed: 2 ips; Resolution: 203 dpi; Print Width: 2 in; Media Width: 0.75-2.25 in; Connectivity: USB, Ethernet; Dimensions: 8.7 x 5.9 x 5.1 in; Weight: 2.3 lbs; Warranty: 1 Year",ZD230,"buy Zebra ZD230 Desktop Printer from Mindware, best price Zebra ZD230 Desktop Printer from Mindware, best sales standard 2-inch from Mindware, best service provider of Zebra ZD230 from Mindware, best supplier basic Ethernet from Mindware, best quality Zebra ZD230 Desktop Printer from Mindware, master partner zebra printer from Mindware, bestseller Zebra ZD230 from Mindware, Mindware importer and distributor of desktop standard, best service center ZD230 from Mindware, buy Zebra ZD200 series from Mindware, best price shared printers from Mindware, buy Zebra versatile basic from Mindware, best supplier office 2-inch from Mindware, Mindware Zebra standard",Buy Zebra ZD230 Desktop Printer | Mindware,"Zebra ZD230 Desktop Printer at Mindware. For best price, call 8527522688 or email gm@indianbarcode.com.",Active,false ,https://www.zebra.com/content/dam/zebra_dam/global/zcom-web-production/web-production-photography/product-cards/model/zd230-3x2-3600.jpg,
,,,,,,,,,,,,,,
,,,,,,,,,,,,,,
,,,,,,,,,,,,,,
 ,,,,,,,,,,,,,,
 ,,,,,,,,,,,,,,
